{"cameraMode":{"drawMode":0,"name":"Shaded","section":"Shading Mode"},"sceneLighting":true,"audioPlay":false,"sceneViewState":{"showFog":true,"showMaterialUpdate":false,"showSkybox":true,"showFlares":true,"showImageEffects":true,"showParticleSystems":true},"in2DMode":false,"pivot":{"x":-2.155325412750244,"y":2.7961342334747316,"z":3.681755781173706},"rotation":{"x":0.011436850763857365,"y":-0.3026551604270935,"z":0.0036320367362350227,"w":0.9530248045921326},"size":4.478679180145264,"orthographic":false}