{"cameraMode":{"drawMode":0,"name":"Shaded","section":"Shading Mode"},"sceneLighting":true,"audioPlay":false,"sceneViewState":{"showFog":true,"showMaterialUpdate":false,"showSkybox":true,"showFlares":true,"showImageEffects":true,"showParticleSystems":true},"in2DMode":false,"pivot":{"x":7.461550235748291,"y":4.894288063049316,"z":5.535626411437988},"rotation":{"x":0.008999969810247422,"y":-3.619389943310125e-8,"z":-2.0904149522493755e-8,"w":0.9999599456787109},"size":9.347949981689454,"orthographic":false}