{"cameraMode":{"drawMode":0,"name":"Shaded","section":"Shading Mode"},"sceneLighting":true,"audioPlay":false,"sceneViewState":{"showFog":true,"showMaterialUpdate":false,"showSkybox":true,"showFlares":true,"showImageEffects":true,"showParticleSystems":true},"in2DMode":false,"pivot":{"x":-0.7573243379592896,"y":2.025174379348755,"z":5.417996406555176},"rotation":{"x":0.011983269825577736,"y":0.05247209966182709,"z":-0.0006297215004451573,"w":0.9985507726669312},"size":5.969139575958252,"orthographic":false}